<?xml version="1.0" encoding="UTF-8"?>
<beans xmlns="http://www.springframework.org/schema/beans"
	xmlns:xsi="http://www.w3.org/2001/XMLSchema-instance"
	xmlns:context="http://www.springframework.org/schema/context"
	xmlns:c="http://www.springframework.org/schema/c"
	xmlns:p="http://www.springframework.org/schema/p"
	xsi:schemaLocation="http://www.springframework.org/schema/beans http://www.springframework.org/schema/beans/spring-beans-4.3.xsd
		http://www.springframework.org/schema/context http://www.springframework.org/schema/context/spring-context-4.3.xsd">

	
	<bean id="dataSource" 
		  class="org.apache.commons.dbcp2.BasicDataSource"
		  				  
		  p:driverClassName="${jdbc.driverClassName}"
		  p:url="${jdbc.url}"
		  p:username="${jdbc.username}"
		  p:password="${jdbc.password}"
		  p:maxIdle="2"
	      p:maxTotal="2"
	/>
	
	<bean id="dataSourceSpied"
		class="net.sf.log4jdbc.Log4jdbcProxyDataSource">
		<constructor-arg ref="dataSource" />
		<property name="logFormatter">
			<bean class="net.sf.log4jdbc.tools.Log4JdbcCustomFormatter">
				<property name="loggingType" value="MULTI_LINE" />
				<property name="sqlPrefix" value="SQL:::" />
			</bean>
		</property>
	</bean>
	
	
	<bean id="sqlSessionFactory" class="org.mybatis.spring.SqlSessionFactoryBean"
		  p:dataSource-ref="dataSourceSpied"
		  p:configLocation="classpath:kr/or/ddit/mybatis/config/sqlConfig.xml"
		  p:mapperLocations="classpath:kr/or/ddit/mybatis/mappers/*-Mapper.xml"
	/>	
		 
	<bean id="sqlSession" class="org.mybatis.spring.SqlSessionTemplate"
		  c:sqlSessionFactory-ref="sqlSessionFactory"
		  />	 
	

		
	<bean id="transactionManager"
		class="org.springframework.jdbc.datasource.DataSourceTransactionManager"
		p:dataSource-ref="dataSourceSpied"
	/>	
	
</beans>
