<?xml version="1.0" encoding="UTF-8"?>
<beans xmlns="http://www.springframework.org/schema/beans" xmlns:xsi="http://www.w3.org/2001/XMLSchema-instance"
    xmlns:context="http://www.springframework.org/schema/context"
    xmlns:mvc="http://www.springframework.org/schema/mvc"
    xmlns:p="http://www.springframework.org/schema/p"
    xsi:schemaLocation="http://www.springframework.org/schema/beans http://www.springframework.org/schema/beans/spring-beans-4.0.xsd
        http://www.springframework.org/schema/context http://www.springframework.org/schema/context/spring-context-4.0.xsd
        http://www.springframework.org/schema/mvc http://www.springframework.org/schema/mvc/spring-mvc-4.0.xsd">

	<context:component-scan base-package="egovframework">
		<context:include-filter type="annotation" expression="org.springframework.stereotype.Controller"/>
		<context:exclude-filter type="annotation" expression="org.springframework.stereotype.Service"/>
		<context:exclude-filter type="annotation" expression="org.springframework.stereotype.Repository"/>
	</context:component-scan>

    <!-- setting Locale Locale Interceptor 설정하기  -->
    <bean id="localeChangeInterceptor" class="org.springframework.web.servlet.i18n.LocaleChangeInterceptor"
        p:paramName="lang" />

    <bean id="localeResolver" class="org.springframework.web.servlet.i18n.SessionLocaleResolver" />
    

    <bean class="org.springframework.web.servlet.mvc.method.annotation.RequestMappingHandlerAdapter">
    </bean>
    
    <bean class="org.springframework.web.servlet.mvc.method.annotation.RequestMappingHandlerMapping">
        <property name="interceptors">
            <list>
                <ref bean="localeChangeInterceptor"/>
            </list>
        </property>
    </bean>

	<!-- for JFile -->
	<bean class="org.springframework.web.servlet.view.BeanNameViewResolver" p:order="0"/>

	<bean class="org.springframework.web.servlet.view.UrlBasedViewResolver" p:order="1"
		  p:viewClass="org.springframework.web.servlet.view.JstlView"
		  p:prefix="/WEB-INF/jsp/" p:suffix=".jsp"/>
		  
	<bean id="jsonView" class="org.springframework.web.servlet.view.json.MappingJackson2JsonView">
		<property name="contentType" value="text/html;charset=UTF-8"/>
	</bean>
	
	<!-- Facebook 설정 -->
	<mvc:default-servlet-handler />
 
</beans>
