<?xml version="1.0" encoding="UTF-8"?>
<beans xmlns="http://www.springframework.org/schema/beans"
	xmlns:xsi="http://www.w3.org/2001/XMLSchema-instance"
	xmlns:p="http://www.springframework.org/schema/p"
	xmlns:c="http://www.springframework.org/schema/c"
	xsi:schemaLocation="http://www.springframework.org/schema/beans http://www.springframework.org/schema/beans/spring-beans.xsd">

	
	
	
	<!-- Repository -->
	<bean id="memberDAO" class="com.jsp.dao.MemberDAOImpl" />
	<bean id="searchMemberDAO" class="com.jsp.dao.SearchMemberDAOImpl" />
	<bean id = "menuDAO" class="com.jsp.dao.MenuDAOImpl" />	
	<bean id = "noticeDAO" class="com.jsp.dao.NoticeDAOImpl" />
	<bean id = "boardDAO" class="com.jsp.dao.BoardDAOImpl" />
	<bean id = "replyDAO" class="com.jsp.dao.ReplyDAOImpl" />
	<bean id = "pdsDAO" class="com.jsp.dao.PdsDAOImpl" />
	<bean id = "attachDAO" class="com.jsp.dao.AttachDAOImpl" />
	
	<!-- Service -->
	<bean id="pdsService" class="com.jsp.service.PdsServiceImpl" 
		p:attachDAO-ref="attachDAO"
		p:pdsDAO-ref="pdsDAO"
		p:sqlSessionFactory-ref="sqlSessionFactory"
	/>
	
		
	<bean id="replyService" class="com.jsp.service.ReplyServiceImpl" 
		p:memberDAO-ref="memberDAO"
		p:replyDAO-ref="replyDAO"
		p:sqlSessionFactory-ref="sqlSessionFactory"
	/>	
	<bean id="boardService" class="com.jsp.service.BoardServiceImpl" 
		p:boardDAO-ref="boardDAO"
		p:replyDAO-ref="replyDAO"
		p:sqlSessionFactory-ref="sqlSessionFactory"
	/>
	<bean id="noticeService" class="com.jsp.service.NoticeServiceImpl" 
		p:noticeDAO-ref="noticeDAO"
		p:sqlSessionFactory-ref="sqlSessionFactory"
	/>
	<bean id="menuService" class="com.jsp.service.MenuServiceImpl" 
		p:menuDAO-ref="menuDAO"
		p:sqlSessionFactory-ref="sqlSessionFactory"
	/>		
	<bean id="memberService"
	      class="com.jsp.service.MemberServiceImpl" 
	      p:memberDAO-ref="memberDAO"
	      p:sqlSessionFactory-ref="sqlSessionFactory"	      
	      />
	<bean id="searchMemberService"
	      class="com.jsp.service.SearchMemberServiceImpl" 
	      p:memberDAO-ref="searchMemberDAO"
	      p:sqlSessionFactory-ref="sqlSessionFactory"
	      />	    	         
	
	<bean id="loginSearchMemberService"
	      class="com.jsp.service.LoginSearchMemberServiceImpl" 
	      p:sqlSessionFactoryForLogin-ref="sqlSessionFactory"
	      p:sqlSessionFactory-ref="sqlSessionFactory"
	      p:searchMemberDAO-ref="searchMemberDAO"
	      p:memberDAO-ref="searchMemberDAO"
	      />
	
	
</beans>







